moneda_base,moneda_destino,cantidad,conversion,tasa

USD,AUD,102.31,161.944474847805,1.5828802155
RON,SGD,1.2,0.33892946399999996,0.28244122
ILS,THB,102.1231,964.3351070830716,9.4428695083
USD,ILS,1.0,3.5659303737,3.5659303737
