moneda_base,moneda_destino,cantidad,conversion,tasa


RON,MXN,0.1,0.42905922963,4.2905922963
USD,MXN,0.1,2.04122822353,20.4122822353
AUD,USD,1.0,0.6317597442,0.6317597442
AUD,USD,1.0,0.6317597442,0.6317597442
USD,AUD,1.0,1.5828802155,1.5828802155
