moneda_base,moneda_destino,cantidad,conversion,tasa

AUD,MXN,1.0,12.8971230973,12.8971230973RON,USD,1.0,0.2109134784,0.2109134784
ZAR,USD,1.0,0.0546091999,0.0546091999
